cx,cy,cyaw,ck,sp
0.0,0.0,-0.4650522651484082,1.1942246247958916e-15,0.2777777777777778
0.07952614630891909,-0.039902770073326585,-0.4650512127400684,2.3652881382075532e-05,2.7777777777777777
0.15906551765378982,-0.0798119663606696,-0.46504805655814474,4.727060612010408e-05,2.7777777777777777
0.23863133907056386,-0.11973401507604553,-0.46504279972933926,7.081813363001844e-05,2.7777777777777777
0.3182368355951927,-0.15967534243347078,-0.4650354474562233,9.426065477176552e-05,2.7777777777777777
0.39789523226362816,-0.19964237464696177,-0.46502600700437874,0.00011756370590411172,2.7777777777777777
0.47761975411182195,-0.2396415379305351,-0.4650144876844809,0.0001406932809520925,2.7777777777777777
0.5574236261757254,-0.2796792584982071,-0.4650009008294029,0.00016361594085371198,2.7777777777777777
0.6373200734912905,-0.3197619625639942,-0.4649852597664476,0.00018629891977440326,2.7777777777777777
0.7173223210944685,-0.35989607634191295,-0.4649675797848328,0.00020871022750609887,2.7777777777777777
0.7974435940212113,-0.40008802604597976,-0.46494787809857724,0.0002308187475009307,2.7777777777777777
0.8776971173074707,-0.4403442378902111,-0.46492617380495516,0.0002525943300272926,2.7777777777777777
0.9580961159891982,-0.4806711380886234,-0.46490248783870336,0.00027400787997759285,2.7777777777777777
1.0386538151023452,-0.521075152855233,-0.46487684292218534,0.00029503143890224773,2.7777777777777777
1.1193834396828635,-0.5615627084040565,-0.464849263511729,0.00031563826089256214,2.7777777777777777
1.200298214766705,-0.6021402309491103,-0.4648197757403729,0.00033580288198566913,2.7777777777777777
1.281411365389821,-0.6428141467044111,-0.46478840735726434,0.0003555011828170649,2.7777777777777777
1.362736116588163,-0.6835908818839749,-0.46475518766396734,0.0003747104442998163,2.7777777777777777
1.4442856933976833,-0.7244768627018183,-0.4647201474479452,0.00039340939616372314,2.7777777777777777
1.5260733208543331,-0.765478515371958,-0.464683318913491,0.00041157825824202424,2.7777777777777777
1.6081122239940637,-0.8066022661084101,-0.46464473561038666,0.00042919877444694965,2.7777777777777777
1.6904156278528275,-0.8478545411251913,-0.46460443236057114,0.0004462542394281217,2.7777777777777777
1.772996757466576,-0.8892417666363183,-0.4645624451831059,0.0004627295179590282,2.7777777777777777
1.8558688378712602,-0.9307703688558069,-0.46451881121772204,0.0004786110571458202,2.7777777777777777
1.9390450941028323,-0.9724467739976739,-0.4644735686472365,0.0004938868915994877,2.7777777777777777
2.0225387511972435,-1.0142774082759356,-0.46442675661911687,0.0005085466417560824,2.7777777777777777
2.1063630341904456,-1.0562686979046088,-0.4643784151664776,0.0005225815055706543,2.7777777777777777
2.190531168118391,-1.0984270690977098,-0.4643285851287772,0.0005359842438473391,2.7777777777777777
2.2750563780170308,-1.140758948069255,-0.46427730807248474,0.0005487491595019977,2.7777777777777777
2.3599518889223163,-1.183270761033261,-0.46422462621197363,0.000560872071083154,2.7777777777777777
2.4452309258701987,-1.2259689342037432,-0.4641705823308912,0.0005723502809029425,2.7777777777777777
2.5309067138966315,-1.2688598937947198,-0.4641152197042431,0.0005831825381511213,2.7777777777777777
2.616992478037565,-1.3119500660202064,-0.4640585820214207,0.0005933689973833266,2.7777777777777777
2.70350144332895,-1.355245877094219,-0.46400071331038567,0.000602911172787755,2.7777777777777777
2.7904468348067404,-1.3987537532307748,-0.4639416578632156,0.0006118118886446364,2.7777777777777777
2.877841877506886,-1.4424801206438898,-0.4638814601632005,0.0006200752263984319,2.7777777777777777
2.965699796465339,-1.486431405547581,-0.46382016481366495,0.0006277064687648602,2.7777777777777777
3.0540338167180514,-1.530614034155864,-0.46375781646867875,0.0006347120412937497,2.7777777777777777
3.1428571633009743,-1.575034432682756,-0.4636944597658026,0.0006410994518038036,2.7777777777777777
3.2321830612500597,-1.6196990273422731,-0.46363013926100355,0.0006468772280982218,2.7777777777777777
3.322024735601259,-1.6646142443484315,-0.46356489936585643,0.0006520548543592423,2.7777777777777777
3.412395411390525,-1.7097865099152487,-0.4634987842871372,0.0006566427066071482,2.7777777777777777
3.5033083136538066,-1.7552222502567396,-0.46343183796889886,0.0006606519875941914,2.7777777777777777
3.5947766674270576,-1.8009278915869218,-0.4633641040371029,0.0006640946614864334,2.7777777777777777
3.68681369774623,-1.8469098601198117,-0.46329562574687255,0.0006669833886684893,2.7777777777777777
3.779432629647274,-1.8931745820694252,-0.4632264459324139,0.0006693314609854134,2.7777777777777777
3.8726466881661423,-1.9397284836497792,-0.4631566069596427,0.000671152737715298,2.7777777777777777
3.9664690983387856,-1.9865779910748897,-0.4630861506815397,0.0006724615825439318,2.7777777777777777
4.0609130852011575,-2.033729530558774,-0.4630151183962484,0.0006732728017905059,2.7777777777777777
4.1559918737892065,-2.0811895283154476,-0.46294355080791383,0.0006736015841100775,2.7777777777777777
4.251718689138886,-2.128964410558927,-0.4628714879902545,0.0006734634418761733,2.7777777777777777
4.348106756286147,-2.1770606035032296,-0.46279896935284787,0.0006728741544233294,2.7777777777777777
4.445169300266944,-2.2254845333623705,-0.4627260336100991,0.0006718497133073043,2.7777777777777777
4.542919546117225,-2.2742426263503677,-0.46265271875285824,0.0006704062697183883,2.7777777777777777
4.641370718872943,-2.3233413086812362,-0.46257906202263754,0.0006685600841617064,2.7777777777777777
4.7405360435700485,-2.3727870065689936,-0.4625050998883796,0.0006663274784978313,2.7777777777777777
4.840428745244497,-2.4225861462276557,-0.46243086802571526,0.0006637247904170797,2.7777777777777777
4.941062048932235,-2.4727451538712395,-0.4623564012986471,0.0006607683304019524,2.7777777777777777
5.0424491796692195,-2.523270455713761,-0.4622817337435889,0.0006574743412145732,2.7777777777777777
5.144603362491396,-2.574168477969236,-0.46220689855568703,0.0006538589599288128,2.7777777777777777
5.247537822434721,-2.6254456468516816,-0.46213192807734366,0.0006499381825117905,2.7777777777777777
5.351265784535144,-2.6771083885751152,-0.46205685378886246,0.0006457278309445469,2.7777777777777777
5.455800473828617,-2.7291631293535517,-0.46198170630113133,0.0006412435228588591,2.7777777777777777
5.5611551153510925,-2.781616295401008,-0.4619065153502547,0.0006365006436549075,2.7777777777777777
5.667342934138521,-2.8344743129315013,-0.46183130979405,0.0006315143210540264,2.7777777777777777
5.774377155226855,-2.8877436081590475,-0.46175611761031665,0.0006262994020308375,2.7777777777777777
5.882271003652045,-2.9414306072976633,-0.4616809658967886,0.0006208704320607653,2.7777777777777777
5.991037704450043,-2.9955417365613646,-0.46160588087268056,0.0006152416366116548,2.7777777777777777
6.100681440661559,-3.050075968921674,-0.46146052021581774,0.0018526907815490546,2.7777777777777777
6.211160090432304,-3.104994108605085,-0.4611509121971899,0.0031578707217412025,2.7777777777777777
6.322416748881038,-3.1602447743102573,-0.4606794382595347,0.0044262368747966,2.7777777777777777
6.434394504672082,-3.2157765794155115,-0.46004839493441346,0.005665787494385757,2.7777777777777777
6.547036446469753,-3.271538137299167,-0.45925946226867315,0.006883973780140604,2.7777777777777777
6.660285662938378,-3.3274780613395487,-0.45831373196879543,0.00808780787077442,2.7777777777777777
6.774085242742273,-3.383544964914974,-0.45721172961106377,0.009283959128587923,2.7777777777777777
6.88837827454576,-3.439687461403765,-0.4559534314082936,0.01047884115709395,2.7777777777777777
7.003107847013162,-3.4958541641842444,-0.45453827592039725,0.011678691640124772,2.7777777777777777
7.1182170488087975,-3.5519936866347313,-0.4529651710049287,0.012889646817582742,2.7777777777777777
7.233648968596991,-3.6080546421335473,-0.45123249622221207,0.014117812205762558,2.7777777777777777
7.3493466950420565,-3.6639856440590135,-0.44933810083537623,0.015369331018227126,2.7777777777777777
7.465253316808322,-3.7197353057894507,-0.4472792974766056,0.016650451638659507,2.7777777777777777
7.581311922560105,-3.77525224070318,-0.4450528514853898,0.017967595434290527,2.7777777777777777
7.6974656009617295,-3.830485062178524,-0.4426549658609347,0.0193274261736416,2.7777777777777777
7.8136574406775114,-3.8853823835938015,-0.4400812617077086,0.02073692232325339,2.7777777777777777
7.929830530371776,-3.9398928183273334,-0.43732675398891935,0.022203453544053186,2.7777777777777777
8.045927958708841,-3.9939649797574424,-0.4343858223361804,0.02373486278964183,2.7777777777777777
8.16189281435303,-4.04754748126245,-0.4312521765933028,0.025339555527955672,2.7777777777777777
8.277668185968665,-4.100588936220675,-0.4279188166965869,0.027026597767712764,2.7777777777777777
8.39319716222006,-4.153037958010439,-0.42437798641162505,0.028805824776445877,2.7777777777777777
8.508422831771542,-4.204843160010066,-0.42062112035574806,0.030687962633987587,2.7777777777777777
8.623288283287433,-4.255953155597872,-0.41663878363399426,0.032684765082009334,2.7777777777777777
8.737736605432051,-4.306316558152182,-0.41242060330273794,0.03480916851668713,2.7777777777777777
8.85171088686972,-4.355881981051318,-0.40795519074653624,0.037075468440211055,2.7777777777777777
8.965154216264754,-4.404598037673595,-0.403230053907647,0.039499521252924115,2.7777777777777777
9.07800968228148,-4.45241334139734,-0.3982314981410363,0.04209897594990966,2.7777777777777777
9.190220373584218,-4.4992765056008714,-0.39294451427706095,0.04489354110624338,2.7777777777777777
9.30172937883729,-4.545136143662511,-0.3873526522555375,0.04790529352079022,2.7777777777777777
9.412479786705012,-4.5899408689605785,-0.3814378784442251,0.051159036071418904,2.7777777777777777
9.52241468585171,-4.633639294873397,-0.3751804144670249,0.05468271375274087,2.7777777777777777
9.631477164941703,-4.676180034779287,-0.36855855503718354,0.05850789856524797,2.7777777777777777
9.739610312639309,-4.7175117020565684,-0.3615484619128163,0.06267035595301892,2.7777777777777777
9.84675721760886,-4.757582910083563,-0.354123930660372,0.06721070790336474,2.7777777777777777
9.952860968514662,-4.7963422722385936,-0.3462561264206433,0.07217521068838346,2.7777777777777777
10.057864654021042,-4.833738401899978,-0.33791328431674295,0.07761666860986645,2.7777777777777777
10.161711362792328,-4.869719912446038,-0.3290603695210443,0.08359550906566367,2.7777777777777777
10.264344183492828,-4.904235417255095,-0.319658691308577,0.09018104883255726,2.7777777777777777
10.365706204786875,-4.937233529705472,-0.3096654646734883,0.09745298666853035,2.7777777777777777
10.465740515338782,-4.968662863175488,-0.2990333122878085,0.10550316312028019,2.7777777777777777
10.564390203812874,-4.998472031043463,-0.2877096987672613,0.11443763460542943,2.7777777777777777
10.661598358873468,-5.026609646687723,-0.2756362884292063,0.12437911504602983,2.7777777777777777
10.757308069184889,-5.053024323486583,-0.26274821706943685,0.1354698438479742,2.7777777777777777
10.851462423411459,-5.077664674818367,-0.2489732678861616,0.1478749425935377,2.7777777777777777
10.944004510217493,-5.1004793140613955,-0.23423094175758546,0.1617863223198638,2.7777777777777777
11.034877418267316,-5.12141685459399,-0.21843141296587226,0.17742719521689376,2.7777777777777777
11.124024236225248,-5.140425909794472,-0.20147436365533195,0.19505722342174364,2.7777777777777777
11.21138805275561,-5.15745509304116,-0.18324769456070705,0.21497829455874132,2.7777777777777777
11.296911956522724,-5.172453017712379,-0.1636261169345777,0.23754083527902398,2.7777777777777777
11.38053903619091,-5.1853682971864465,-0.14246964272021692,0.2631504399012934,2.7777777777777777
11.462212380424488,-5.196149544841685,-0.11962200910165541,0.29227437127751504,2.7777777777777777
11.54187507788778,-5.204745374056417,-0.09490910273540727,0.32544714223628385,2.7777777777777777
11.619470217245107,-5.21110439820896,-0.06813749243566845,0.363273849673674,2.7777777777777777
11.69494088716079,-5.215175230677638,-0.03909324227935815,0.40642913472230335,2.7777777777777777
11.768230176299152,-5.216906484840772,-0.007541266563558472,0.45564849724263706,2.7777777777777777
11.839281173324508,-5.216246774076681,0.02677438926335098,0.5117071307944216,2.7777777777777777
11.908036966901182,-5.213144711763688,0.06412879621718101,0.5753794647728815,2.7777777777777777
11.9744406456935,-5.207548911280112,0.10481217259643884,0.6473703871178111,2.7777777777777777
12.038435298365778,-5.199407986004276,0.1491227277487542,0.7282072443521189,2.7777777777777777
12.099964013582335,-5.1886705493145,0.1973551380032601,0.8180814387332919,2.7777777777777777
12.158969880007492,-5.175285214589106,0.24978336115082145,0.9166320689781859,2.7777777777777777
12.215395986305577,-5.159200595206414,0.3066366270980923,1.0226750719660898,2.7777777777777777
12.269185421140902,-5.140365304544746,0.36806803444044917,1.1339036874929151,2.7777777777777777
12.320281273177796,-5.118727955982422,0.4341164901422179,1.2466217375370483,2.7777777777777777
12.368626631080573,-5.094237162897764,0.5046649298999155,1.3556149924732406,2.7777777777777777
12.414164583513559,-5.066841538669093,0.5794007250965674,1.4542989519503704,2.7777777777777777
12.456838219141074,-5.03648969667473,0.6577872027218011,1.535269396660488,2.7777777777777777
12.496590626627436,-5.003130250292994,0.7390568316861472,1.5912889808312398,2.7777777777777777
12.533378396882878,-4.966724696980076,0.8210485655446157,1.56641608609526,2.7777777777777777
12.56722882902087,-4.9273020051893965,0.9010358975374932,1.5070569842952133,2.7777777777777777
12.598192289783748,-4.884913154907017,0.9780704666045217,1.424060268237132,2.7777777777777777
12.626319158687217,-4.83960913830757,1.0514218079702542,1.3245908340001258,2.7777777777777777
12.651659815246985,-4.791440947565685,1.1205855858989795,1.2158412337305684,2.7777777777777777
12.674264638978757,-4.740459574855996,1.1852743568118218,1.1041219075780988,2.7777777777777777
12.694184009398242,-4.686716012353135,1.245388416465815,0.9943750650654235,2.7777777777777777
12.711468306021146,-4.630261252231732,1.3009768260112538,0.890066384131298,2.7777777777777777
12.726167908363172,-4.571146286666423,1.3521969557918883,0.7933290854830586,2.7777777777777777
12.738333195940026,-4.509422107831837,1.3992779578564867,0.7052295402213572,2.7777777777777777
12.748014548267419,-4.445139707902605,1.4424907871310315,0.6260572970137288,2.7777777777777777
12.755262344861055,-4.378350079053361,1.4821253570339672,0.5555840136220457,2.7777777777777777
12.760126965236642,-4.309104213458739,1.5184742234639201,0.4932688066678637,2.7777777777777777
12.762658788909883,-4.237453103293366,1.5518216623595817,0.43840790059318485,2.7777777777777777
12.762908195396486,-4.163447740731878,1.5824369001010254,0.3902363032121121,2.7777777777777777
12.760925564212155,-4.087139117948906,1.6105703718899986,0.3479923345802106,2.7777777777777777
12.756761274872602,-4.008578227119083,1.6364520863758567,0.3109554098181462,2.7777777777777777
12.750465706893529,-3.927816060417039,1.6602913890525577,0.27846563216287157,2.7777777777777777
12.742089239790644,-3.844903610017407,1.682277606524678,0.24993163568158377,2.7777777777777777
12.731682253079653,-3.75989186809482,1.7025812065930568,0.22483124029136248,2.7777777777777777
12.719295126276261,-3.6728318268239066,1.7213552253541955,0.2027080058228701,2.7777777777777777
12.704978238896175,-3.5837744783793037,1.7387367973605552,0.18316569124032836,2.7777777777777777
12.688781970455105,-3.4927708149356405,1.7548486849178067,0.16586187164444882,2.7777777777777777
12.670756700468752,-3.3998718286675493,1.7698007439641217,0.1505014595145634,2.7777777777777777
12.650952808452821,-3.305128511749664,1.7836912918026082,0.13683054722806012,2.7777777777777777
12.629420673923025,-3.208591856356611,1.7966083602082745,0.12463077995924175,2.7777777777777777
12.606210676395069,-3.110312854663032,1.808630829051719,0.11371434116104893,2.7777777777777777
12.581373195384655,-3.0103424988435488,1.8198294426969843,0.1039195586458198,2.7777777777777777
12.554958610407493,-2.9087317810727984,1.830267715538644,0.09510709857391197,2.7777777777777777
12.527017300979288,-2.805531693525416,1.840002735181822,0.08715669468314469,2.7777777777777777
12.497599646615745,-2.7007932283760265,1.849085872648046,0.0799643525653682,2.7777777777777777
12.466756026832575,-2.5945673777992693,1.8575634090880184,0.07343996843832776,2.7777777777777777
12.434536821145478,-2.4869051339697688,1.8654770881176888,0.06750530536986177,2.7777777777777777
12.400992409070167,-2.3778574890621615,1.872864602274675,0.06209227526996457,2.7777777777777777
12.366173170122343,-2.267475435251083,1.8797600213520047,0.057141480977667,2.7777777777777777
12.330129483817714,-2.155809964711157,1.8861941695891526,0.05260097875406306,2.7777777777777777
12.292911729671987,-2.042912069617023,1.8921949579371087,0.048425227089624906,2.7777777777777777
12.254570287200869,-1.9288327421433071,1.8977876768936468,0.044574192776048266,2.7777777777777777
12.215155535920061,-1.8136229744646442,1.9029952547418592,0.041012589626616504,2.7777777777777777
12.174717855345278,-1.6973337587556694,1.9078384854254076,0.037709229064456395,2.7777777777777777
12.133307624992222,-1.5800160871910085,1.9123362297582522,0.03463646507824537,2.7777777777777777
12.0909752243766,-1.4617209519453,1.9165055931921997,0.03176971882779565,2.7777777777777777
12.047771033014115,-1.3424993451931686,1.92036208294803,0.02908707052947658,2.7777777777777777
12.003745430420476,-1.2224022591092503,1.9239197469499671,0.026568908223820898,2.7777777777777777
11.95894879611139,-1.1014806858681816,1.9271912966834375,0.024197624680220752,2.7777777777777777
11.913431509602562,-0.9797856176445862,1.9301882158170514,0.021957355075613604,2.7777777777777777
11.867243950409703,-0.8573680466131042,1.9329208561865743,0.019833749238335766,2.7777777777777777
11.820436498048512,-0.7342789649483589,1.9353985225267198,0.017813773211624237,2.7777777777777777
11.773059532034699,-0.610569364824987,1.9376295471517637,0.0158855356947396,2.7777777777777777
11.72516343188397,-0.4862902384176251,1.9396213556245727,0.014038135589559068,2.7777777777777777
11.676798577112033,-0.36149257790089706,1.9413805243124005,0.01226152743867643,2.7777777777777777
11.628015347234593,-0.23622737544944195,1.94291283060386,0.010546402005777982,2.7777777777777777
11.578864121767353,-0.11054562323788364,1.9442232964523534,0.008884079635457101,2.7777777777777777
11.529395280226023,0.015501686559140415,1.9453162258146854,0.007266414350185486,2.7777777777777777
11.479659202126312,0.14186356176699455,1.9461952364677404,0.005685706907139879,2.7777777777777777
11.42970626698392,0.26848901021105487,1.9468632866092184,0.0041346252554246045,2.7777777777777777
11.379586854314558,0.39532703971668637,1.9473226965790587,0.0026061310117846998,2.7777777777777777
11.329351343633933,0.5223266581092505,1.947575165974993,0.0010934107157182067,2.7777777777777777
11.279050114457746,0.6494368732141267,1.9476217863774703,-0.00041018926260275566,2.7777777777777777
11.228733546301706,0.7766066928566715,1.947463049844951,-0.001911225202537372,2.7777777777777777
11.178452018681522,0.9037851248622633,1.9470988532892586,-0.0034162168808030504,2.7777777777777777
11.128255911112896,1.030921177056265,1.9465284987914486,-0.004931707727284671,2.7777777777777777
11.078195603111542,1.1579638572640403,1.945750689870585,-0.006464325211136939,2.7777777777777777
11.028321474193156,1.2848621733109664,1.9447635236701388,-0.008020842381900128,2.7777777777777777
10.978683903873451,1.411565133022401,1.9435644789785993,-0.009608241513201197,2.7777777777777777
10.929333271668131,1.5380217442237227,1.9421503999514629,-0.011233780840473587,2.7777777777777777
10.880319957092901,1.6641810147402936,1.9405174753502865,-0.012905065450158223,2.7777777777777777
10.831694339663475,1.7899919523974779,1.938661213059971,-0.014630123467858046,2.7777777777777777
10.783506798895548,1.9154035650206533,1.9365764095870468,-0.01641748880938883,2.7777777777777777
10.735807714304835,2.0403648604351776,1.9342571141783624,-0.018276291904856152,2.7777777777777777
10.688647465407039,2.164824846466428,1.9316965871302145,-0.020216359985910728,2.7777777777777777
10.642076431717864,2.2887325309397673,1.928887251781325,-0.022248328745274357,2.7777777777777777
10.596144992753025,2.4120369216805595,1.9258206395978499,-0.02438376744172178,2.7777777777777777
10.550903528028217,2.5346870265141828,1.9224873276633008,-0.026635319840461746,2.7777777777777777
10.506402417059155,2.6566318532659934,1.9188768677792003,-0.029016863757303567,2.7777777777777777
10.462692039361539,2.7778204097613726,1.9149777062616165,-0.031543692425867395,2.7777777777777777
10.419822774451077,2.898201703825679,1.9107770933823867,-0.034232721443062594,2.7777777777777777
10.377845001843484,3.0177247432842798,1.9062609812495694,-0.03710272568401366,2.7777777777777777
10.336809101054452,3.1363385359625493,1.901413908747023,-0.04017461133078753,2.7777777777777777
10.296765451599699,3.2539920896858474,1.8962188719553514,-0.04347172904946686,2.7777777777777777
10.257764432994925,3.37063441227955,1.8906571782530717,-0.047020235399603906,2.7777777777777777
10.219856424755838,3.486214511569024,1.8847082820450132,-0.05084951079338274,2.7777777777777777
10.183091806398146,3.60068139537963,1.878349599782119,-0.05499264376493973,2.7777777777777777
10.147520957437553,3.7139840715367427,1.8715563016209726,-0.05948699298923762,2.7777777777777777
10.113194257389765,3.8260715478657312,1.8643010767213695,-0.06437484042801879,2.7777777777777777
10.08016208577049,3.9368928321919574,1.856553868796672,-0.06970415119378669,2.7777777777777777
10.048474822095432,4.046396932340797,1.8482815781177486,-0.07552945821281684,2.7777777777777777
10.018182845880304,4.1545328561376085,1.8394477257343675,-0.08191289250951084,2.7777777777777777
9.989336536640806,4.261249611407766,1.830012075231915,-0.08892538285585293,2.7777777777777777
9.961986273892645,4.3664962059766355,1.81993020690979,-0.09664805148520922,2.7777777777777777
9.936182437151526,4.470221647669589,1.809153038888704,-0.10517383529317645,2.7777777777777777
9.911975405933159,4.572374944311991,1.7976262893865687,-0.11460936398537441,2.7777777777777777
9.889415559753253,4.672905103729206,1.785289874336495,-0.12507712723829134,2.7777777777777777
9.868553278127507,4.771761133746607,1.7720772347897473,-0.13671796092723046,2.7777777777777777
9.84943894057163,4.868892042189561,1.7579145893488164,-0.1496938759922061,2.7777777777777777
9.83212292660133,4.964246836883437,1.7427201084980093,-0.1641912397176204,2.7777777777777777
9.816655615732312,5.057774525653602,1.7264030105534691,-0.180424293809504,2.7777777777777777
9.803087387480282,5.149424116325419,1.7088625836269038,-0.19863895030610235,2.7777777777777777
9.79146862136095,5.239144616724264,1.6899871453079351,-0.21911673578692803,2.7777777777777777
9.781849696890015,5.326885034675497,1.6696529628509038,-0.2421786433411319,2.7777777777777777
9.774280993583192,5.412594378004497,1.6477231730338964,-0.2681884820133136,2.7777777777777777
9.76881289095618,5.496221654536621,1.624046764556468,-0.29755506059182396,2.7777777777777777
9.765495768524689,5.57771587209724,1.5984577194131127,-0.33073217609719124,2.7777777777777777
9.764380005804426,5.657026038511727,1.5707744561779737,-0.368214862654791,2.7777777777777777
9.765515982311094,5.7341011616054445,1.5407997808706715,-0.41052966236050314,2.7777777777777777
9.768954077560407,5.808890249203763,1.5083216329433626,-0.4582157953046517,2.7777777777777777
9.774744671068056,5.881342309132052,1.473115016032096,-0.5117930744252108,2.7777777777777777
9.782938142349765,5.95140634921567,1.4349456221574088,-0.5717113903253017,2.7777777777777777
9.79358487092123,6.0190313772799975,1.3935757820400003,-0.6382759489041642,2.7777777777777777
9.80673523629816,6.084166401150393,1.348773476006997,-0.7115428810264147,2.7777777777777777
9.822439617996261,6.146760428652227,1.3003251693452236,-0.7911825029140326,2.7777777777777777
9.840748395531238,6.206762467610876,1.2480531123636127,-0.876313954709397,2.7777777777777777
9.861711948418797,6.264121525851698,1.1918373582211492,-0.9653267763268895,2.7777777777777777
9.885380656174652,6.318786611200062,1.1316419794637411,-1.0557227150138484,2.7777777777777777
9.9118048983145,6.37070673148134,1.0675437295016648,-1.144032143259466,2.7777777777777777
9.941035054354057,6.419830894520892,0.9997597620552549,-1.2258758947620676,2.7777777777777777
9.973121503809017,6.4661081081440965,0.9286693175647716,-1.2962409490123183,2.7777777777777777
10.008114420145485,6.5094875371327205,0.8548853196479826,-1.3400439895149647,2.7777777777777777
10.04603139725351,6.549943163463177,0.7807730127402321,-1.3291854719674152,2.7777777777777777
10.086822156374085,6.587500670482655,0.707817463032563,-1.2986498337745807,2.7777777777777777
10.130427938064656,6.622192201621629,0.636695612694484,-1.2510225365551615,2.7777777777777777
10.176789982882655,6.654049900310571,0.5679788488037598,-1.1898281989012167,2.7777777777777777
10.22584953138552,6.683105909979952,0.5021128852099711,-1.1190047364510185,2.7777777777777777
10.277547824130693,6.709392374060248,0.43941202434937315,-1.0424195664799007,2.7777777777777777
10.331826101675611,6.732941435981931,0.3800655852696805,-0.963511329802648,2.7777777777777777
10.388625604577712,6.753785239175472,0.3241528195292451,-0.8850861638586899,2.7777777777777777
10.447887573394436,6.771955927071347,0.2716623727618822,-0.8092534378951244,2.7777777777777777
10.509553248683215,6.787485643100025,0.22251293825636814,-0.7374624688855507,2.7777777777777777
10.573563871001495,6.800406530691982,0.17657272975443292,-0.6705974100540126,2.7777777777777777
10.63986068090671,6.810750733277689,0.133676401954888,-0.6090948253402035,2.7777777777777777
10.708384918956298,6.8185503942876196,0.09363885871988532,-0.5530599602018261,2.7777777777777777
10.779077825707702,6.8238376571522465,0.056265943469876734,-0.502368524586871,2.7777777777777777
10.851880641718354,6.826644665302044,0.021362324952743518,-0.4567488215780836,2.7777777777777777
10.926734607545699,6.827003562167482,-0.011262967108134288,-0.41584403808069076,2.7777777777777777
11.003580963747169,6.824946491179034,-0.041792875618849507,-0.3792570729140778,2.7777777777777777
11.082360950880206,6.820505595767174,-0.070400075808419,-0.3465812215831322,2.7777777777777777
11.163015809502246,6.813713019362375,-0.09724578420281628,-0.31742005720987054,2.7777777777777777
11.245486780170728,6.80460090539511,-0.12247931336331389,-0.29139942720000583,2.7777777777777777
11.329715103443093,6.793201397295849,-0.1462381374431611,-0.2681739187945952,2.7777777777777777
11.415642019876776,6.779546638495069,-0.16864829234110873,-0.24742958925078207,2.7777777777777777
11.503208770029214,6.763668772423239,-0.1898249817929434,-0.2288842764222612,2.7777777777777777
11.592356594457852,6.745599942510835,-0.20987329779538189,-0.21228642245832796,2.7777777777777777
11.683026733720121,6.725372292188328,-0.22888899179417607,-0.19741305255111455,2.7777777777777777
11.775160428373464,6.7030179648861905,-0.24695925379555833,-0.18406733776245282,2.7777777777777777
11.868698918975314,6.678569104034898,-0.2641634715811102,-0.17207601945675663,2.7777777777777777
11.963583446083117,6.652057853064918,-0.28057395289323234,-0.16128686762508612,2.7777777777777777
12.059755250254305,6.6235163554067285,-0.29625660092237804,-0.15156627390650068,2.7777777777777777
12.157155572046317,6.592976754490802,-0.3112715385348234,-0.14279703267319507,2.7777777777777777
12.255725652016595,6.560471193747607,-0.32567368008960834,-0.13487633287950634,2.7777777777777777
12.35540673072257,6.52603181660762,-0.3395132518966258,-0.12771396420233355,2.7777777777777777
12.456140048721695,6.4896907665013135,-0.35283626372538485,-0.12123072956747913,2.7777777777777777
12.557866846571393,6.451480186859159,-0.3656849345472651,-0.11535704983865532,2.7777777777777777
12.660528364829107,6.411432221111632,-0.378098076070942,-0.11003174343608377,2.7777777777777777
12.764065844052276,6.369579012689201,-0.3901114377443051,-0.10520096272229168,2.7777777777777777
12.868420524798339,6.325952705022344,-0.4017580168403788,-0.1008172693216981,2.7777777777777777
12.973533647624734,6.280585441541529,-0.41306833708468715,-0.09683883158568328,2.7777777777777777
13.0793464530889,6.233509365677231,-0.42407069906180866,-0.09322872882500023,2.7777777777777777
13.185800181748272,6.184756620859924,-0.4347914053899039,-0.08995434848462411,2.7777777777777777
13.292836074160292,6.134359350520078,-0.4452549633936632,-0.08698686399675222,2.7777777777777777
13.400395370882395,6.08234969808817,-0.4554842677513142,-0.08430078253670492,2.7777777777777777
13.508419312472025,6.028759806994668,-0.46550076534801055,-0.08187355328189727,2.7777777777777777
13.616849139486614,5.973621820670045,-0.4753246043405351,-0.0796852280172267,2.7777777777777777
13.725626092483601,5.91696788254478,-0.48497476922916505,-0.07771816703695164,2.7777777777777777
13.83469141202043,5.85883013604934,-0.49446920354242835,-0.07595678426783475,2.7777777777777777
13.94398633865453,5.799240724614201,-0.5038249215691706,-0.0743873263900675,2.7777777777777777
14.05345211294335,5.738231791669831,-0.5130581104190494,-0.07299768147264186,2.7777777777777777
14.163029975444323,5.675835480646707,-0.5221842235561083,-0.07177721328049624,2.7777777777777777
14.272661166714883,5.612083934975304,-0.53121806682918,-0.07071661796383343,2.7777777777777777
14.382286927312474,5.54700929808609,-0.5401738779161497,-0.06980780031671963,2.7777777777777777
14.491848497794534,5.480643713409541,-0.5490654000052207,-0.06904376720267984,2.7777777777777777
14.6012871187185,5.413019324376125,-0.5579059504540202,-0.06841853609869566,2.7777777777777777
14.710544030641808,5.344168274416319,-0.5667084850953852,-0.06792705701393596,2.7777777777777777
14.8195604741219,5.274122706960599,-0.5754856587959856,-0.06756514630279487,2.7777777777777777
14.928277689716214,5.202914765439431,-0.5842498828194448,-0.0673294311195799,2.7777777777777777
15.036636917982184,5.130576593283293,-0.5930133794985273,-0.06721730345979277,2.7777777777777777
15.144579399477255,5.057140333922652,-0.6017882346803682,-0.06722688290496606,2.7777777777777777
15.25204637475886,4.982638130787985,-0.6105864483739654,-0.0673569873383633,2.7777777777777777
15.35897908438444,4.907102127309767,-0.619419983999542,-0.06760711103085164,2.7777777777777777
15.465318768911436,4.830564466918467,-0.628300816614372,-0.06797740961270986,2.7777777777777777
15.571006668897276,4.753057293044559,-0.6372409804686585,-0.06846869155040855,2.7777777777777777
15.675984024899408,4.674612749118514,-0.646252616227652,-0.06908241583941223,2.7777777777777777
15.78019207747527,4.5952629785708075,-0.655348018181825,-0.06982069570637789,2.7777777777777777
15.883572067182289,4.515040124831912,-0.6645396817552699,-0.07068630818795321,2.7777777777777777
15.986065234577922,4.433976331332298,-0.6738403516129764,-0.07168270951956111,2.7777777777777777
16.08761282021959,4.352103741502445,-0.6832630706599532,-0.07281405632658128,2.7777777777777777
16.18815606466474,4.269454498772816,-0.6928212302187028,-0.07408523266231465,2.7777777777777777
16.28763620847081,4.1860607465738875,-0.7025286216658544,-0.07550188298170686,2.7777777777777777
16.385994492195238,4.101954628336135,-0.7123994898031974,-0.0770704511762055,2.7777777777777777
16.483172156395455,4.017168287490036,-0.7224485882321977,-0.07879822582192085,2.7777777777777777
16.579110441628913,3.9317338674660514,-0.7326912369935062,-0.08069339180833279,2.7777777777777777
16.67375058845304,3.8456835116946597,-0.7431433827229176,-0.08276508851515357,2.7777777777777777
16.76703383742528,3.759049363606332,-0.753821661561502,-0.08502347468653959,2.7777777777777777
16.858901429103064,3.671863566631545,-0.7647434650386077,-0.08747980010922819,2.7777777777777777
16.949294604043832,3.584158264200776,-0.7759270091202763,-0.09014648412725361,2.7777777777777777
17.038154602805037,3.495965599744484,-0.7873914065799383,-0.09303720091149435,2.7777777777777777
17.125422665944093,3.4073177166931483,-0.7991567428001736,-0.09616697123562562,2.7777777777777777
17.21104003401846,3.3182467584772426,-0.8112441550503019,-0.09955226027613402,2.7777777777777777
17.294947947585563,3.228784868527241,-0.8236759152001539,-0.10321108063398654,2.7777777777777777
17.37708764720284,3.1389641902736205,-0.8364755157202726,-0.10716309934567605,2.7777777777777777
17.45740037342774,3.048816867146842,-0.8496677586764312,-0.11142974708232017,2.7777777777777777
17.535829792578497,2.9583757359721803,-0.8631532792296683,-0.11143004480964022,2.7777777777777777
17.612387476169296,2.8676930440251143,-0.8760519587220889,-0.10587963045100285,2.7777777777777777
17.68716040108772,2.7768425929294516,-0.8881684563987308,-0.10000867563674,2.7777777777777777
17.76023947518073,2.685899307959272,-0.8994788712841755,-0.0938208964025612,2.7777777777777777
17.831715606295315,2.594938114388637,-0.9099599043632015,-0.08731769120846508,2.7777777777777777
17.90167970227844,2.504033937491627,-0.9195886543324217,-0.08049790066396043,2.7777777777777777
17.970222670977076,2.4132617025423153,-0.9283424047263421,-0.07335759912837367,2.7777777777777777
18.037435420238197,2.3226963348147756,-0.9361984052090014,-0.06588991689191473,2.7777777777777777
18.103408857908775,2.232412759583088,-0.9431336496885927,-0.0580848919660439,2.7777777777777777
18.16823389183578,2.142485902121313,-0.9491246538255045,-0.04992935128182997,2.7777777777777777
18.232001429866195,2.0529906877035327,-0.9541472344884654,-0.0414068223319589,2.7777777777777777
18.294802379846978,1.9640020416038186,-0.9581762937930269,-0.03249747802377077,2.7777777777777777
18.356727649625114,1.8755948890962457,-0.9611856105554849,-0.02317811977656088,2.7777777777777777
18.417868147047557,1.7878441554548934,-0.9631476423380726,-0.013422206747940847,2.7777777777777777
18.478314779961302,1.7008247659538236,-0.9640333417730752,-0.0031999425736575333,2.7777777777777777
18.53815845621331,1.614611645867116,-0.9638119915604676,0.007521564779354824,2.7777777777777777
18.59749008365056,1.5292797204688442,-0.9624510634621657,0.01877804945296929,2.7777777777777777
18.656400570120013,1.4449039150330822,-0.9599161077916626,0.03060771402396514,2.7777777777777777
18.71498082346865,1.3615591548339094,-0.9561706813433803,0.043050702685641366,2.7777777777777777
18.773321751543442,1.2793203651453882,-0.9511763234375356,0.05614838091871549,2.7777777777777777
18.831514262191362,1.198262471241598,-0.9448925917773363,0.06994237348337891,2.7777777777777777
18.88964926325938,1.1184603983966124,-0.9372771721087033,0.08447330476799125,2.7777777777777777
18.947817662594474,1.0399890718845053,-0.92828607818865,0.09977917853937397,2.7777777777777777
19.006110368043608,0.9629234169793559,-0.9178739612087098,0.1158933292109999,2.7777777777777777
19.064618287453758,0.8873383589552271,-0.9059945504174047,0.13284187573327572,2.7777777777777777
19.1234323286719,0.8133088230861982,-0.8926012489807382,0.1506406147095365,2.7777777777777777
19.182643399545004,0.7409097346463429,-0.8776479107317187,0.1692913047881229,2.7777777777777777
19.242342407920045,0.6702160189097348,-0.8610898238620988,0.1887773240443832,2.7777777777777777
19.302620261643984,0.6013026011504525,-0.8428849261086244,0.20905873083231497,2.7777777777777777
19.363567868563813,0.5342444066425605,-0.8229952717210003,0.23006683138498618,2.7777777777777777
19.42527613652649,0.4691163606601369,-0.8013887624714152,0.25169845816180997,2.7777777777777777
19.487835973378992,0.40599338847725586,-0.7780411421246625,0.27381029265612306,2.7777777777777777
19.551338286968296,0.34495041536799087,-0.7529382351891702,0.29621372086689185,2.7777777777777777
19.615873985141356,0.2860623666064202,-0.7260783858276748,0.3186708763594825,2.7777777777777777
19.681533975745168,0.22940416746660858,-0.6974750216486786,0.3408926809735693,2.7777777777777777
19.748409166626693,0.17505074322263464,-0.6671592309888575,0.36253980000629954,2.7777777777777777
19.816590465632906,0.12307701914857183,-0.6351822040526541,0.38322743875346865,2.7777777777777777
19.88616878061078,0.07355792051849397,-0.6016173525622547,0.40253476720150433,2.7777777777777777
19.957235019407275,0.02656837260647782,-0.5665618958510197,0.42001942401421205,2.7777777777777777
20.029878684945945,-0.01781815359888104,-0.5303071279316199,0.42553466603837686,2.7777777777777777
20.10413734286748,-0.05958194921000182,-0.49448202511918044,0.415165660255683,2.7777777777777777
20.17998260069047,-0.0987715809022878,-0.4595296518222501,0.4034150903994728,2.7777777777777777
20.257381806541773,-0.1354400243967291,-0.4255224291813778,0.3905196283399458,2.7777777777777777
20.33630230854825,-0.16964025541431343,-0.3925199224871015,0.3767156010759007,2.7777777777777777
20.41671145483679,-0.20142524967603584,-0.3605691241035058,0.3622312820379137,2.7777777777777777
20.498576593534242,-0.2308479829028838,-0.329705042653832,0.34728077169132465,2.7777777777777777
20.581865072767474,-0.2579614308158475,-0.2999515284521617,0.3320595468660448,2.7777777777777777
20.66654424066336,-0.2828185691359171,-0.2713222653318476,0.31674161144167706,2.7777777777777777
20.752581445348763,-0.3054723735840825,-0.24382186393157743,0.3014780762689838,2.7777777777777777
20.839944034950538,-0.3259758198813327,-0.21744699960658623,0.28639693401983846,2.7777777777777777
20.928599357595573,-0.3443818837486605,-0.19218754797416693,0.2716037697474259,0.2777777777777778
21.018514761410724,-0.36074354090705446,-0.16802768145424096,0.2571831519221756,0.2777777777777778
21.109657594522865,-0.3751137670775049,-0.1449469001074308,0.2432004723701081,0.2777777777777778
21.201995205058846,-0.3875455379810016,-0.12292097899625454,0.22970403841261072,0.2777777777777778
21.29549494114554,-0.3980918293385344,-0.10192282186542609,0.216727259743819,0.2777777777777778
21.390124150909827,-0.4068056168710945,-0.08192321703843897,0.20429081124748275,0.2777777777777778
21.48585018247856,-0.41373987629967135,-0.06289149609832032,0.1924046879206046,0.2777777777777778
21.58264038397861,-0.4189475833452552,-0.04479609929735698,0.18107009770039406,0.2777777777777778
21.680462103536843,-0.4224817137288358,-0.02760505391215182,0.1702811617540578,0.2777777777777778
21.779282689280123,-0.4243952431714036,-0.011286373131559144,0.16002640989139488,0.2777777777777778
21.879069489335325,-0.4247411473939487,0.00419161626504279,0.15029007182723558,0.2777777777777778
21.97978985182931,-0.4235724021174611,0.018860009034095907,0.14105317387775956,0.2777777777777778
22.081411124888945,-0.42094198306293074,0.032749111216207966,0.1322944561824273,0.2777777777777778
22.1839006566411,-0.4169028659513482,0.04588827679217728,0.12399112850486924,0.2777777777777778
22.287225795212624,-0.4115080265037033,0.05830578414961113,0.11611948377781012,0.2777777777777778
22.391353888730414,-0.4048104404409857,0.0700287459560535,0.10865538839071975,0.2777777777777778
22.49625228532132,-0.3968630834841863,0.08108304675036652,0.10157466722333028,0.2777777777777778
22.601888333112203,-0.3877189313542947,0.0914933032661965,0.09485339994221048,0.2777777777777778
22.70822938022994,-0.3774309597723007,0.10128284316571029,0.08846814334719916,0.2777777777777778
22.815242774801387,-0.366052144459196,0.11047369847423417,0.08239609275075455,0.2777777777777778
22.92289586495343,-0.3536354611359687,0.11908661055967437,0.07661519360951426,0.2777777777777778
23.031155998812913,-0.34023388552360956,0.12714104399238396,0.07110421297364475,0.2777777777777778
23.13999052450672,-0.3259003933431089,0.13465520705258877,0.06584277881466266,0.2777777777777778
23.249366790161712,-0.31068796031545726,0.14164607702676393,0.06081139395341837,0.2777777777777778
23.359252143904744,-0.2946495621616448,0.14812942875599447,0.055991430139222274,0.2777777777777778
23.469613933862703,-0.27783817460265997,0.1541198651734333,0.05136510682191994,0.2777777777777778
23.580419508162446,-0.2603067733594943,0.15963084879974512,0.046915458298878714,0.2777777777777778
23.69163621493084,-0.24210833415313726,0.16467473336009805,0.04262629219340559,0.2777777777777778
23.80323140229475,-0.22329583270457953,0.16926279484865792,0.03848214161427759,0.2777777777777778
23.915172418381033,-0.2039222447348119,0.1734052615011762,0.034468212842195284,0.2777777777777778
24.027426611316578,-0.18404054596482278,0.17711134224715772,0.030570329973439635,0.2777777777777778
24.13996132922824,-0.16370371211560253,0.18038925330385117,0.026774877610486397,0.2777777777777778
24.252743920242885,-0.14296471890814166,0.18324624264810102,0.023068742411957503,0.2777777777777778
24.365741732487383,-0.12187654206343101,0.18568861216165505,0.019439254089785057,0.2777777777777778
24.478922114088594,-0.10049215730246053,0.18772173729327749,0.015874126260957227,0.2777777777777778
24.59225241317339,-0.0788645403462197,0.18935008411902085,0.01236139741725544,0.2777777777777778
24.70569997786864,-0.05704666691569771,0.19057722371202868,0.008889372162756365,0.2777777777777778
24.819232156301208,-0.03509151273188538,0.19140584375688338,0.005446562780436232,0.2777777777777778
24.932816296597963,-0.013052053515773654,0.19183775736205955,0.0020216311219100973,0.2777777777777778
